name_product,product_link,price_sale,price_original,discount,sold,rating,rating_count
TORCH TAS BACKPACK KANZAKI 30 LITER CLASSIC,https://www.lazada.co.id/products/torch-tas-backpack-kanzaki-30-liter-classic-i437055732.html,849150,999000, 15%,119,4.0,57
TORCH RECINTO ZIPLOCK POUCH POUCH TEMPAT PENYIMPANAN BAG SET,https://www.lazada.co.id/products/torch-recinto-ziplock-pouch-pouch-tempat-penyimpanan-bag-set-i7693174837.html,23800,28000, 15%,5,5.0,4
TORCH TRAVEL BACKPACK TAS RANSEL TAKAHAGI 40 LITER,https://www.lazada.co.id/products/torch-travel-backpack-tas-ransel-takahagi-40-liter-i778780171.html,1143120,1299000, 12%,74,4.0,30
TORCH SHANTI TAS RANSEL LAPTOP 15 INCH DAYPACK TUMBLER BACKPACK KERJA KULIAH,https://www.lazada.co.id/products/torch-shanti-tas-ransel-laptop-15-inch-daypack-tumbler-backpack-kerja-kuliah-i7947124452.html,253300,298000, 15%,9,5.0,9
TORCH YEONGDO TAS PINGGANG SELEMPANG RINGAN ANTI AIR PRIA WANITA WAIST BAG WATERPROOF,https://www.lazada.co.id/products/torch-yeongdo-tas-pinggang-selempang-ringan-anti-air-pria-wanita-waist-bag-waterproof-i6719804318.html,141120,168000, 16%,220,4.0,98
TORCH AICHI TAS PINGGANG SELEMPANG KONSER RINGAN ANTI AIR PRIA WANITA WAIST BAG CROSSBODY WATERPROOF OUTDOOR,https://www.lazada.co.id/products/torch-aichi-tas-pinggang-selempang-konser-ringan-anti-air-pria-wanita-waist-bag-crossbody-waterproof-outdoor-i4916298334.html,168300,198000, 15%,25000,4.0,1160
TORCH TATA FOLDABLE BACKPACK LAPTOP 3 IN 1 TAS OUTDOOR SLINGBAG CLUTCH,https://www.lazada.co.id/products/torch-tata-foldable-backpack-laptop-3-in-1-tas-outdoor-slingbag-clutch-i7894116682.html,253300,298000, 15%,6,4.0,6
TORCH AMURRIO TAS RANSEL PUNGGUNG SEKOLAH KERJA TRAVELLING LAPTOP PRIA WANITA TAHAN AIR 17 LITER DAILY BACKPACK WATER RESSISTANT AMURIO,https://www.lazada.co.id/products/torch-amurrio-tas-ransel-punggung-sekolah-kerja-travelling-laptop-pria-wanita-tahan-air-17-liter-daily-backpack-water-ressistant-amurio-i7396968516.html,253300,298000, 15%,34,5.0,34
TORCH ALMERIA CHILDREN SCHOOL BACKPACK KNAPSACK BACKPACK MEN WOMEN,https://www.lazada.co.id/products/torch-almeria-tas-ransel-punggung-sekolah-kerja-travelling-laptop-pria-wanita-tahan-air-17-liter-daily-backpack-water-ressistant-i7609962896.html,253300,298000, 15%,24,4.0,16
TORCH TORRE TAS PINGGANG SELEMPANG KONSER RINGAN ANTI AIR PRIA WANITA WAIST BAG WATERPROOF,https://www.lazada.co.id/products/torch-torre-tas-pinggang-selempang-konser-ringan-anti-air-pria-wanita-waist-bag-waterproof-i7270866090.html,117300,138000, 15%,126,4.0,70
TORCH DAYITA FOLDABLE PACK SLING BAG MINI TAS SERUT POUCH,https://www.lazada.co.id/products/torch-dayita-foldable-pack-sling-bag-mini-tas-serut-pouch-i7994942322.html,99120,118000, 16%,0,Belum Ada Penilaian,0
TORCH WIDARA BACKPACK DAYPACK TAS RANSEL LAPTOP SEKOLAH KULIAH KERJA,https://www.lazada.co.id/products/torch-widara-backpack-daypack-tas-ransel-laptop-sekolah-kuliah-kerja-i7967572773.html,125800,148000, 15%,12,4.0,5
TORCH TAS RANSEL PUNGGUNG LAPTOP KERJA SEKOLAH PRIA WANITA TOTE BAG BACKPACK WONJU,https://www.lazada.co.id/products/torch-tas-ransel-punggung-laptop-kerja-sekolah-pria-wanita-tote-bag-backpack-wonju-i5972974657.html,338000,338000,Tidak Ada Diskon,13,5.0,13
TORCH PREMIUM BACKPACK 22L FOR CASUAL DAILY COLLEGE BUSINESS TRAVEL BAG ANTI THEFT SLIM DURABLE WATER RESISTANT FOR WOMEN & MEN FITS LAPTOP 14 INCH,https://www.lazada.co.id/products/torch-premium-backpack-22l-for-casual-daily-college-business-travel-bag-anti-theft-slim-durable-water-resistant-for-women-men-fits-laptop-14-inch-i7925630888.html,403040,458000, 12%,6,5.0,5
TORCH SLING BAG 2 LITER MINO SLING BAG,https://www.lazada.co.id/products/torch-sling-bag-tas-selempang-mino-2-liter-i4770394897.html,134300,158000, 15%,488,4.0,186
TORCH ODER DOMPET POLOS LIPAT KARTU PRIA WANITA KARTU TEMPAT UANG TAHAN AIR RINGAN,https://www.lazada.co.id/products/torch-oder-dompet-polos-lipat-kartu-pria-wanita-kartu-tempat-uang-tahan-air-ringan-i1345100757.html,83300,98000, 15%,518,4.0,218
TORCH BUNDLING SPESIAL RAMADHAN SINPO BACKPACK TRAVELING KULIAH KERJA,https://www.lazada.co.id/products/torch-bundling-spesial-ramadhan-sinpo-backpack-traveling-kuliah-kerja-i8013080207.html,455600,536000, 15%,0,Belum Ada Penilaian,0
TORCH JINJU TAS MINI TOTEBAG RANSEL PUNGGUNG JINJING PRIA WANITA TAHAN AIR 15 LITER BACKPACK WATER RESSISTANT,https://www.lazada.co.id/products/torch-jinju-tas-mini-totebag-ransel-punggung-jinjing-pria-wanita-tahan-air-15-liter-backpack-water-ressistant-i8294166128.html,185300,218000, 15%,0,Belum Ada Penilaian,0
TORCH WONJIN TAS PINGGANG SELEMPANG KONSER ANTI AIR RINGAN PRIA WANITA UNISEX WAIST BAG WATERPROOF DARKLUCENT,https://www.lazada.co.id/products/torch-wonjin-tas-pinggang-selempang-konser-anti-air-ringan-pria-wanita-unisex-waist-bag-waterproof-darklucent-i8293944623.html,151300,178000, 15%,0,Belum Ada Penilaian,0
TORCH NASAN TAS SELEMPANG LAPTOP KERJA SEKOLAH BAHU PRIA WANITA UNISEX RINGAN ANTI AIR MESSENGER BAG SLINGBAG TRAVEL POUCH WATERPROOF,https://www.lazada.co.id/products/torch-nasan-tas-selempang-laptop-kerja-sekolah-bahu-pria-wanita-unisex-ringan-anti-air-messenger-bag-slingbag-travel-pouch-waterproof-i6720208298.html,219300,258000, 15%,76,4.0,45
TORCH DAEDONG TAS TOTEBAG RANSEL PUNGGUNG SEKOLAH JINJING LAPTOP PRIA WANITA TAHAN AIR 22 LITER BACKPACK WATER RESSISTANT,https://www.lazada.co.id/products/torch-daedong-tas-totebag-ransel-punggung-sekolah-jinjing-laptop-pria-wanita-tahan-air-22-liter-backpack-water-ressistant-i6209500050.html,236300,278000, 15%,12,5.0,12
TORCH GIFU 3L DAN 2L TAS SELEMPANG BAHU PRIA WANITA UNISEX RINGAN ANTI AIR SLING BAG WAISTBAG TRAVEL POUCH WATERPROOF,https://www.lazada.co.id/products/torch-gifu-3l-dan-2l-tas-selempang-bahu-pria-wanita-unisex-ringan-anti-air-sling-bag-waistbag-travel-pouch-waterproof-i7966992049.html,134300,158000, 15%,3,4.0,3
TORCH TAS PINGGANG SLEMPANG RINGAN ANTI AIR PRIA WANITA WAIST BAG SLING WATERPROOF HAMURA,https://www.lazada.co.id/products/torch-tas-pinggang-slempang-ringan-anti-air-pria-wanita-waist-bag-sling-waterproof-hamura-i7183790580.html,134300,158000, 15%,225,4.0,117
TORCH SLING BAG TAS SELEMPANG MINO 3 LITER,https://www.lazada.co.id/products/torch-sling-bag-tas-selempang-mino-3-liter-i4770452063.html,151300,178000, 15%,22000,4.0,880
"TORCH SIMPLE CASUAL DAILY WAIST BAG PACKS MENS FANNY PACK MEN HIP WITH COMPASS SURVIVAL AND WAIST WALLET FOR TRAVEL, GYM, RUNNING, HIKING, DOG WALKING",https://www.lazada.co.id/products/torch-simple-casual-daily-waist-bag-packs-mens-fanny-pack-men-hip-with-compass-survival-and-waist-wallet-for-travel-gym-running-hiking-dog-walking-i7963406736.html,134300,158000, 15%,5,4.0,5
TORCH SILLON TRAVEL & CAMPING CHAIR KURSI LIPAT IDEAL UNTUK AKTIVITAS OUTDOOR & PIKNIK NYAMAN,https://www.lazada.co.id/products/torch-sillon-travel-camping-chair-kursi-lipat-ideal-untuk-aktivitas-outdoor-piknik-nyaman-i8285020144.html,168300,198000, 15%,0,Belum Ada Penilaian,0
TORCH GANTUNGAN KUNCI ODER NAVY,https://www.lazada.co.id/products/torch-gantungan-kunci-oder-navy-i1212022594.html,49300,58000, 15%,149,4.0,149
TORCH SULABA BACKPACK DAYPACK TAS RANSEL LAPTOP SEKOLAH KULIAH KERJA,https://www.lazada.co.id/products/torch-sulaba-backpack-daypack-tas-ransel-laptop-sekolah-kuliah-kerja-i7967578566.html,125800,148000, 15%,36,4.0,20
TORCH TAS RANSEL PUNGGUNG LAPTOP KERJA SEKOLAH TRAVELLING PRIA WANITA BACKPACK RAIN COVER SINPO,https://www.lazada.co.id/products/torch-tas-ransel-punggung-laptop-kerja-sekolah-travelling-pria-wanita-backpack-rain-cover-sinpo-i6095448620.html,350240,398000, 12%,225,4.0,124
TORCH YEOJU 5 LITER TAS SELEMPANG BAHU PRIA WANITA IPAD UNISEX RINGAN ANTI AIR CROSS BODY BAG SLINGBAG TRAVEL POUCH WATERPROOF,https://www.lazada.co.id/products/torch-yeoju-5-liter-tas-selempang-bahu-pria-wanita-ipad-unisex-ringan-anti-air-cross-body-bag-slingbag-travel-pouch-waterproof-i8085122735.html,712800,810000, 12%,0,Belum Ada Penilaian,0
TORCH TORRE TAS PINGGANG SELEMPANG KONSER RINGAN ANTI AIR PRIA WANITA UNISEX WAIST BAG WATERPROOF,https://www.lazada.co.id/products/torch-torre-tas-pinggang-selempang-konser-ringan-anti-air-pria-wanita-unisex-waist-bag-waterproof-i8295420935.html,117300,138000, 15%,0,Belum Ada Penilaian,0
TORCH LAUDIO TAS RANSEL PUNGGUNG SEKOLAH KERJA TRAVELLING LAPTOP PRIA WANITA TAHAN AIR 17 LITER DAILY BACKPACK WATER RESSISTANT,https://www.lazada.co.id/products/torch-laudio-tas-ransel-punggung-sekolah-kerja-travelling-laptop-pria-wanita-tahan-air-17-liter-daily-backpack-water-ressistant-i8084956052.html,814300,958000, 15%,1,5.0,1
TORCH SLING BAG TAS SELEMPANG SEONGNAM 2 LITER,https://www.lazada.co.id/products/torch-sling-bag-tas-selempang-seongnam-2-liter-i5625028843.html,142800,168000, 15%,385,4.0,135
TORCH FUIJSAWA BACKPACK TRAVELBACKPACK + GAESA 3 IN 1 HANGING WALLET NECK WALLET SLING BAG DOMPET GANTUNG LEHER HP TAS SELEMPANG,https://www.lazada.co.id/products/torch-fuijsawa-backpack-travelbackpack-gaesa-3-in-1-hanging-wallet-neck-wallet-sling-bag-dompet-gantung-leher-hp-tas-selempang-i7706814586.html,1314950,1547000, 15%,0,Belum Ada Penilaian,0
TORCH NISHIO TAS PINGGANG SELEMPANG KONSER RINGAN ANTI AIR PRIA WANITA WAIST BAG SLING WATERPROOF,https://www.lazada.co.id/products/torch-nishio-tas-pinggang-selempang-konser-ringan-anti-air-pria-wanita-waist-bag-sling-waterproof-i4916370450.html,142800,168000, 15%,20000,4.0,794
TORCH DANGSAN TAS RANSEL PUNGGUNG SEKOLAH KERJA TRAVELLING LAPTOP PRIA WANITA TAHAN AIR 12 LITER DAILY BACKPACK WATER RESSISTANT,https://www.lazada.co.id/products/torch-dangsan-tas-ransel-punggung-sekolah-kerja-travelling-laptop-pria-wanita-tahan-air-12-liter-daily-backpack-water-ressistant-i6368540284.html,219300,258000, 15%,48,4.0,48
TORCH CORDOBA SAJADAH LIPAT SAKU SEJADAH TRAVELLING SOUVENIR TRAVEL SAJJADA PRAYER,https://www.lazada.co.id/products/torch-cordoba-sajadah-lipat-saku-sejadah-travelling-souvenir-travel-sajjada-prayer-i7469442943.html,116420,138000, 16%,10,5.0,10
TORCH SUGAMA OFFICE BACKPACK,https://www.lazada.co.id/products/torch-sugama-office-backpack-i8186364877.html,323840,368000, 12%,2,5.0,2
TORCH DAFI SQUARE LUGGAGE TAG GANTUNGAN LABEL KOPER TAS BACKPACK,https://www.lazada.co.id/products/torch-dafi-square-luggage-tag-gantungan-label-koper-tas-backpack-i8018610316.html,40320,48000, 16%,1,5.0,1
TORCH RANE TAS PINGGANG SELEMPANG PRIA WANITA SLIM WAIST BAG CROSSBODY MULTIFUNGSI KERJA KONSER ANTI AIR,https://www.lazada.co.id/products/torch-rane-tas-pinggang-selempang-pria-wanita-slim-waist-bag-crossbody-multifungsi-kerja-konser-anti-air-i8226736642.html,107910,218000, 51%,11,4.0,5
TORCH SLING BAG MEN WOMEN WATERPROOF MEN S SLING BAG DISTRO KASHIBA,https://www.lazada.co.id/products/torch-kashiba-3-liter-tas-selempang-bahu-pria-wanita-unisex-ringan-anti-air-sling-bag-travel-pouch-waterproof-i5866894261.html,168300,198000, 15%,37000,4.0,1523
TORCH DINERO MONEY BELT WAISTBAG WAIST BAG MEN WOMEN SELEMMPANG WAISTBAG WATERPROOF UNISEX,https://www.lazada.co.id/products/torch-dinero-money-belt-waistbag-tas-pinggang-pria-wanita-selempang-waistbag-waterproof-unisex-i7755626698.html,66300,78000, 15%,85,4.0,51
TORCH TAS SELEMPANG BAHU PRIA WANITA SLINGBAG TRAVEL POUCH HASEONG 1 LITER,https://www.lazada.co.id/products/torch-tas-selempang-bahu-pria-wanita-slingbag-travel-pouch-haseong-1-liter-i6860126021.html,151300,178000, 15%,35,5.0,35
TORCH KORIYAMA TAS PINGGANG SELEMPANG KONSER RINGAN ANTI AIR PRIA WANITA WAISTBAG SLING BAG WATERPROOF,https://www.lazada.co.id/products/torch-koriyama-tas-pinggang-selempang-konser-ringan-anti-air-pria-wanita-waistbag-sling-bag-waterproof-i1345194225.html,134300,158000, 15%,48000,4.0,2131
TORCH NAMHAE 2 LITER TAS SELEMPANG BAHU HAJI IPAD MINI PRIA WANITA UNISEX RINGAN ANTI AIR SLING BAG TRAVEL POUCH WATERPROOF,https://www.lazada.co.id/products/torch-namhae-2-liter-tas-selempang-bahu-haji-ipad-mini-pria-wanita-unisex-ringan-anti-air-sling-bag-travel-pouch-waterproof-i6785352912.html,142800,168000, 15%,24,5.0,24
TORCH ODER DOMPET KARTU TEMPAT UANG TAHAN AIR RINGAN CARD HOLDER,https://www.lazada.co.id/products/torch-oder-dompet-kartu-tempat-uang-tahan-air-ringan-card-holder-i1212082185.html,57800,68000, 15%,401,4.0,194
TORCH SLING BAG TAS SELEMPANG GIFU 3 LITER,https://www.lazada.co.id/products/torch-sling-bag-tas-selempang-gifu-3-liter-i5006738900.html,151300,178000, 15%,766,5.0,319
TORCH SONGLI TAS PINGGANG SELEMPANG KONSER RINGAN ANTI AIR PRIA WANITA WAIST BAG WATERPROOF DARKLUCENT,https://www.lazada.co.id/products/torch-songli-tas-pinggang-selempang-konser-ringan-anti-air-pria-wanita-waist-bag-waterproof-darklucent-i6700316116.html,151300,178000, 15%,78,5.0,40
TORCH HYOCHANG TAS PINGGANG SELEMPANG OLAHRAGA LARI RINGAN ANTI AIR PRIA WANITA WAISTBAG RUNNING BELT CROSS BODY BAG WATERPROOF,https://www.lazada.co.id/products/torch-hyochang-tas-pinggang-selempang-olahraga-lari-ringan-anti-air-pria-wanita-waistbag-running-belt-cross-body-bag-waterproof-i8294740719.html,83300,98000, 15%,1,5.0,1
TORCH GIFU 2 LITER TAS SELEMPANG BAHU PRIA WANITA UNISEX RINGAN ANTI AIR SLING BAG TRAVEL POUCH,https://www.lazada.co.id/products/torch-gifu-2-liter-tas-selempang-bahu-pria-wanita-unisex-ringan-anti-air-sling-bag-travel-pouch-i8293698230.html,134300,158000, 15%,10,5.0,4
TORCH TAS DADA SEPEDA TAS SELEMPANG SLING BAG 2IN1 JEOMCHON,https://www.lazada.co.id/products/torch-tas-dada-sepeda-tas-selempang-sling-bag-2in1-jeomchon-i6247390222.html,210800,248000, 15%,93,4.0,52
TORCH NAMHAE TAS SELEMPANG BAHU PRIA WANITA RINGAN ANTI AIR SLING BAG TRAVEL POUCH WATERPROOF,https://www.lazada.co.id/products/torch-namhae-tas-selempang-bahu-pria-wanita-ringan-anti-air-sling-bag-travel-pouch-waterproof-i8299852668.html,151300,178000, 15%,0,Belum Ada Penilaian,0
TORCH GAPAH WAISTBAG SIMPEL CASUAL TAS PINGGANG SELEMPANG WATERPROOF,https://www.lazada.co.id/products/torch-gapah-waistbag-simpel-casual-tas-pinggang-selempang-waterproof-i7963864092.html,100300,118000, 15%,8,4.0,8
TORCH TRAVEL BACKPACK TAS RANSEL FUJISAWA 45 + 3 LITER,https://www.lazada.co.id/products/torch-travel-backpack-tas-ransel-fujisawa-45-3-liter-i413276932.html,1187120,1349000, 12%,76,4.0,30
TORCH HAMURA TAS PINGGANG SELEMPANG RINGAN ANTI AIR PRIA WANITA WAISTBAG SLING BAG CROSS BODY WATERPROOF,https://www.lazada.co.id/products/torch-hamura-tas-pinggang-selempang-ringan-anti-air-pria-wanita-waistbag-sling-bag-cross-body-waterproof-i436922639.html,134300,158000, 15%,25000,4.0,1056
TORCH HASEONG 1 LITER SLING BAG TAS SELEMPANG BAHU PRIA WANITA TRAVEL SLING BAG TRAVEL POUCH HASEONG,https://www.lazada.co.id/products/torch-haseong-1-liter-sling-bag-tas-selempang-bahu-pria-wanita-travel-sling-bag-travel-pouch-haseong-i8293688886.html,151300,178000, 15%,0,Belum Ada Penilaian,0
TORCH KORIYAMA TAS PINGGANG TAHAN AIR PRIA WANITA TAS SELEMPANG KONSER WAISTBAG SLING BAG WATERPROOF,https://www.lazada.co.id/products/torch-koriyama-tas-pinggang-tahan-air-pria-wanita-tas-selempang-konser-waistbag-sling-bag-waterproof-i8294752453.html,134300,158000, 15%,0,Belum Ada Penilaian,0
TORCH TAS SELEMPANG TRAVEL POUCH NAMCHON 4 LITER,https://www.lazada.co.id/products/torch-tas-selempang-travel-pouch-namchon-4-liter-i7183916037.html,168300,198000, 15%,69,4.0,44
TORCH PELINDUNG LAPTOP TAS LAPTOP SELEMPANG ANTI AIR GWANGJU,https://www.lazada.co.id/products/torch-pelindung-laptop-tas-laptop-selempang-anti-air-gwangju-i6463942836.html,168300,198000, 15%,59,4.0,23
TORCH SLING BAG CLUTH UTILITY POUCH TAS SELEMPANG DOMPET HP INJE,https://www.lazada.co.id/products/torch-sling-bag-cluth-utility-pouch-tas-selempang-dompet-hp-inje-i6953270717.html,168300,198000, 15%,45,4.0,29
TORCH BEST WAY TO KEEP YOUR PHONE AND VALUABLES MONEY CARD SLING BAG WATER REPELLENT ANTI THEFT,https://www.lazada.co.id/products/torch-best-way-to-keep-your-phone-and-valuables-money-card-sling-bag-water-repellent-anti-theft-i7969840237.html,134300,158000, 15%,6,5.0,1
TORCH JABS SLING BAG RUNNING TAS SELEMPANG OLAHRAGA RINGAN KERJA PRIA WANITA,https://www.lazada.co.id/products/torch-jabs-sling-bag-running-tas-selempang-olahraga-ringan-kerja-pria-wanita-i8316248683.html,202300,238000,New,0,Belum Ada Penilaian,0
TORCH NISKALA TWO WAY WAISTBAG PRIA WANITA TAS PINGGANG SLIM FLEKSIBEL,https://www.lazada.co.id/products/torch-niskala-two-way-waistbag-pria-wanita-tas-pinggang-slim-fleksibel-i7963952597.html,117300,138000, 15%,32,4.0,20
TORCH NUEVO TAS PINGGANG SELEMPANG RINGAN ANTI AIR PRIA WANITA WAIST BAG WATERPROOF,https://www.lazada.co.id/products/torch-nuevo-tas-pinggang-selempang-ringan-anti-air-pria-wanita-waist-bag-waterproof-i7270886276.html,118000,118000,Tidak Ada Diskon,123,4.0,37
TORCH TRAVEL BUSINESS WORK BACKPACK LARGE 30L WATER RESISTANT FOR MEN WOMEN WEEKENDER BAG RUCKSACK FITS LAPTOP 15 INCH,https://www.lazada.co.id/products/torch-travel-business-work-backpack-large-30l-water-resistant-for-men-women-weekender-bag-rucksack-fits-laptop-15-inch-i7925366556.html,879120,999000, 12%,0,Belum Ada Penilaian,0
TORCH ODER DOMPET POLOS LIPAT KARTU PRIA WANITA KARTU TEMPAT UANG TAHAN AIR RINGAN WALLET LONG WATERPROOF,https://www.lazada.co.id/products/torch-oder-dompet-polos-lipat-kartu-pria-wanita-kartu-tempat-uang-tahan-air-ringan-wallet-long-waterproof-i7969784331.html,83300,98000, 15%,8,5.0,3
TORCH SATU TAS SELEMPANG PRIA WANITA ARTWORK SPESIAL HARI MERDEKA,https://www.lazada.co.id/products/torch-satu-tas-selempang-pria-wanita-artwork-spesial-hari-merdeka-i7987622066.html,168300,198000, 15%,3,5.0,3
TORCH TAS PINGGANG SELEMPANG ANTI AIR RINGAN PRIA WANITA WAIST SLING BAG KORIYAMA,https://www.lazada.co.id/products/torch-tas-pinggang-selempang-anti-air-ringan-pria-wanita-waist-sling-bag-koriyama-i7676794377.html,134300,158000, 15%,45,4.0,23
TORCH MARA TRAVEL POUCH MINI POUCH TAS SELEMPANG HP DOMPET,https://www.lazada.co.id/products/torch-mara-travel-pouch-mini-pouch-tas-selempang-hp-dompet-i8084330713.html,83300,98000, 15%,1,5.0,1
TORCH NISHIO TAS PINGGANG SELEMPANG KONSER RINGAN ANTI AIR PRIA WANITA UNISEX WAIST BAG SLING WATERPROOF,https://www.lazada.co.id/products/torch-nishio-tas-pinggang-selempang-konser-ringan-anti-air-pria-wanita-unisex-waist-bag-sling-waterproof-i8293922747.html,142800,168000, 15%,1,5.0,1
TORCH SEOHA POUCH ALAT MANDI KOSMETIK TULIS SOUVENIR ANTI AIR PACKING ORGANIZER TOILTERIS POUCH,https://www.lazada.co.id/products/torch-seoha-pouch-alat-mandi-kosmetik-tulis-souvenir-anti-air-packing-organizer-toilteris-pouch-i6720286101.html,82320,98000, 16%,214,5.0,112
TORCH SLING BAG TAS SELEMPANG GIFU 2 LITER,https://www.lazada.co.id/products/torch-sling-bag-tas-selempang-gifu-2-liter-i4902206512.html,134300,158000, 15%,652,4.0,652
TORCH KIBAR DOMPET GANTUNG HANGING WALLET ARTWORK SPESIAL HARI MERDEKA,https://www.lazada.co.id/products/torch-kibar-dompet-gantung-hanging-wallet-artwork-spesial-hari-merdeka-i7987366704.html,151300,178000, 15%,3,5.0,3
TORCH ALMAZAN SEJADAH TRAVELLING SAJADAH LIPAT SAKU PRAKTIS SOUVENIR TRAVEL SAJJADA PRAYER,https://www.lazada.co.id/products/torch-almazan-sejadah-travelling-sajadah-lipat-saku-praktis-souvenir-travel-sajjada-prayer-i8295510597.html,116127,138000, 16%,0,Belum Ada Penilaian,0
TORCH TRAVI TAS SELEMPANG WANITA PRIA UNISEX MINIMALIS ANTI AIR SEKOLAH KULIAH KANTOR,https://www.lazada.co.id/products/torch-travi-tas-selempang-wanita-pria-unisex-minimalis-anti-air-sekolah-kuliah-kantor-i8151562686.html,125800,148000, 15%,4,5.0,4
TORCH WEDA WAISTBAG TAS SELEMPANG GADGET MINI TAS TABLET TRAVEL WATERPROOF,https://www.lazada.co.id/products/torch-weda-waistbag-tas-selempang-gadget-mini-tas-tablet-travel-waterproof-i7963976785.html,185300,218000, 15%,61,4.0,29
TORCH AKSA 2IN1 POUCH ORGANIZER BAG MULTIFUNGSI MINI TRAVEL BAG BLACK,https://www.lazada.co.id/products/torch-aksa-2in1-pouch-organizer-bag-multifungsi-mini-travel-bag-black-i7963802025.html,83300,98000, 15%,7,4.0,7
TORCH BUNDLING TAS PINGGANG SELEMPANG RINGAN ANTI AIR PRIA WANITA WAISTBAG PACK SLING BAG CROSS BODY WATERPROOF HAMURA T,https://www.lazada.co.id/products/torch-bundling-tas-pinggang-selempang-ringan-anti-air-pria-wanita-waistbag-pack-sling-bag-cross-body-waterproof-hamura-t-i7967226525.html,134300,158000, 15%,11,5.0,3
TORCH CREAN GANTUNGAN KUNCI DOMPET SOUVENIR KEY CHAIN KEYCHAIN,https://www.lazada.co.id/products/torch-crean-gantungan-kunci-dompet-souvenir-key-chain-keychain-i7270746320.html,63750,75000, 15%,83,4.0,45
TORCH HASEONG 1 LITER SLING BAG TAS SELEMPANG BAHU PRIA WANITA UNISEX TRAVEL SLING BAG TRAVEL POUCH HASEONG,https://www.lazada.co.id/products/torch-haseong-1-liter-sling-bag-tas-selempang-bahu-pria-wanita-unisex-travel-sling-bag-travel-pouch-haseong-i8294830057.html,151300,178000, 15%,0,Belum Ada Penilaian,0
TORCH ALMAGRO WATERPROOF 19 LITER WATERPROOF MEN WOMEN LAPTOP TOTE WORK SCHOOL BACKPACK TOTEBAG WATER RESITANT BACKPACK,https://www.lazada.co.id/products/torch-almagro-tas-totebag-ransel-punggung-sekolah-kerja-jinjing-laptop-pria-wanita-tahan-air-19-liter-backpack-water-ressistant-i7301444956.html,355300,418000, 15%,128,4.0,55
‚Å†TORCH RINGKAS BACKPACK LAPTOP TAS RANSEL PUNGGUNG KERJA KULIAH MINIMALIS RINGAN,https://www.lazada.co.id/products/torch-ringkas-backpack-laptop-tas-ransel-punggung-kerja-kuliah-minimalis-ringan-i8340960580.html,236300,278000,New,0,Belum Ada Penilaian,0
TORCH ODER DOMPET LIPAT PANJANG PRIA WANITA KARTU TEMPAT UANG TAHAN AIR RINGAN LONG WALLET,https://www.lazada.co.id/products/torch-oder-dompet-lipat-panjang-pria-wanita-kartu-tempat-uang-tahan-air-ringan-long-wallet-i1212162294.html,108800,128000, 15%,438,4.0,202
TORCH SAMATA BACKPACK TAS RANSEL LAPTOP SEKOLAH KERJA KULIAH TRAVELING BLACK,https://www.lazada.co.id/products/torch-samata-backpack-tas-ransel-laptop-sekolah-kerja-kuliah-traveling-black-i8039414047.html,279840,318000, 12%,0,Belum Ada Penilaian,0
TORCH BANI BACKPACK DAYPACK CASUAL CLASSIC SIMPLE MINIMALIST ORGANIZED,https://www.lazada.co.id/products/torch-bani-backpack-daypack-casual-klasik-simpel-minimalis-organized-i7873604413.html,306240,348000, 12%,38,5.0,21
TORCH GRIPFLEX HALF GLOVES SARUNG TANGAN BARBEL FITNESS OLAHRAGA PRIA WANITA,https://www.lazada.co.id/products/torch-gripflex-half-gloves-sarung-tangan-barbel-fitness-olahraga-pria-wanita-i8316860191.html,64974,78000,New,1,5.0,1
TORCH GRIHITA BACKPACK DAYPACK TAS RANSEL LAPTOP SEKOLAH KULIAH KERJA,https://www.lazada.co.id/products/torch-grihita-backpack-daypack-tas-ransel-laptop-sekolah-kuliah-kerja-i7967616391.html,202300,238000, 15%,9,4.0,6
TORCH SUGINAMI POUCH ALAT MANDI KOSMETIK TULIS SOUVENIR ANTI AIR PACKING ORGANIZER TOILETRIES,https://www.lazada.co.id/products/torch-suginami-pouch-alat-mandi-kosmetik-tulis-souvenir-anti-air-packing-organizer-toiletries-i6420788375.html,91800,108000, 15%,152,4.0,60
TORCH LAUDIO WATERPROOF LAPTOP BACKPACK SCHOOL BACK PACK,https://www.lazada.co.id/products/torch-laudio-tas-ransel-punggung-sekolah-backpack-laptop-waterproof-i7609940828.html,250320,298000, 16%,6,4.0,6
TORCH ISHIKARI WORK SCHOOL BACKPACK TRAVELLING LAPTOP BAG MEN WOMEN WATERPROOF 19 + 2 LITER DAILY BACKPACK WATER RESITANT RAIN COVER,https://www.lazada.co.id/products/torch-ishikari-tas-ransel-punggung-sekolah-kerja-travelling-laptop-pria-wanita-tahan-air-192-liter-daily-backpack-water-ressistant-rain-cover-i396082084.html,399000,458000, 13%,183,4.0,183
TORCH ALHAMBRA SAJADAH LIPAT SAKU SEJADAH TRAVELLING SOUVENIR TRAVEL SAJJADA PRAYER,https://www.lazada.co.id/products/torch-alhambra-sajadah-lipat-saku-sejadah-travelling-souvenir-travel-sajjada-prayer-i7420468868.html,116420,138000, 16%,9,4.0,9
TORCH ALMAZAN SAJADAH LIPAT SAKU SEJADAH TRAVELLING SOUVENIR TRAVEL SAJJADA PRAYER,https://www.lazada.co.id/products/torch-almazan-sajadah-lipat-saku-sejadah-travelling-souvenir-travel-sajjada-prayer-i7463410791.html,115059,138000, 17%,18,4.0,18
TORCH DAFI ROUND LUGGAGE TAG GANTUNGAN LABEL KOPER TAS BACKPACK,https://www.lazada.co.id/products/torch-dafi-round-luggage-tag-gantungan-label-koper-tas-backpack-i8018568330.html,40800,48000, 15%,0,Belum Ada Penilaian,0
TORCH GANTUNGAN KUNCI ODER HITAM,https://www.lazada.co.id/products/torch-gantungan-kunci-oder-hitam-i1212026361.html,49300,58000, 15%,167,4.0,167
TORCH PURANA BACKPACK LAPTOP KERJA KULIAH SIMPEL MINIMALIS ANTI AIR,https://www.lazada.co.id/products/torch-purana-backpack-laptop-kerja-kuliah-simpel-minimalis-anti-air-i7963756271.html,202300,238000, 15%,14,5.0,7
TORCH DARAMISTA 2 IN 1 TOTE BAG BACKPACK TAS RANSEL TABLET 9 INCH,https://www.lazada.co.id/products/torch-daramista-2-in-1-tote-bag-backpack-tas-ransel-tablet-9-inch-i8076302719.html,297440,338000, 12%,2,5.0,2
TORCH LOKA BACKPACK OFFICE TAS RANSEL PUNGGUNG KULIAH KERJA LAPTOP 15 INCH,https://www.lazada.co.id/products/torch-loka-backpack-office-tas-ransel-punggung-kuliah-kerja-laptop-15-inch-i8027748710.html,288640,328000, 12%,4,5.0,4
TORCH BACKPACK TAS RANSEL LAPTOP KERJA SEKOLAH TRAVELLING CUNCHEON 22 LITER,https://www.lazada.co.id/products/torch-backpack-tas-ransel-laptop-kerja-sekolah-travelling-cuncheon-22-liter-i6179736048.html,403040,458000, 12%,16,4.0,16
TORCH EARLE KEYCHAIN WALLET,https://www.lazada.co.id/products/torch-earle-keychain-wallet-i8150386964.html,57800,68000, 15%,5,4.0,5
TORCH KANZAKI TAS RANSEL TRAVELLING PUNGGUNG KERJA LAPTOP PRIA WANITA TAHAN AIR 30 LITER TRAVEL BACKPACK ROLL TOP WATER RESSISTANT RAIN COVER,https://www.lazada.co.id/products/torch-kanzaki-tas-ransel-travelling-punggung-kerja-laptop-pria-wanita-tahan-air-30-liter-travel-backpack-roll-top-water-ressistant-rain-cover-i8295658628.html,879120,999000, 12%,0,Belum Ada Penilaian,0
TORCH VIKASA 2IN1 FOLDABLE BACKPACK TAS SERUT POUCH TRAVEL OUTDOOR,https://www.lazada.co.id/products/torch-vikasa-2in1-foldable-backpack-tas-serut-pouch-travel-outdoor-i7963876201.html,134300,158000, 15%,0,Belum Ada Penilaian,0
TORCH ARRAFA SANDAL HAJI UMRAH UMROH SENDAL LEBARAN MUDIK KASUAL ANTI SLIP PRIA WANITA,https://www.lazada.co.id/products/torch-arrafa-sandal-haji-umrah-umroh-sendal-lebaran-mudik-kasual-anti-slip-pria-wanita-i6407696598.html,295800,348000, 15%,685,5.0,284
TORCH TAS RANSEL PUNGGUNG LAPTOP KERJA SEKOLAH TRAVELLING PRIA WANITA TOTE BAG BACKPACK JEJU,https://www.lazada.co.id/products/torch-tas-ransel-punggung-laptop-kerja-sekolah-travelling-pria-wanita-tote-bag-backpack-jeju-i5094268007.html,297440,338000, 12%,13,5.0,13
TORCH DESIGNMAGIC WALLET SLIM WALLET CARD HOLDER MINIMALIST CARD WALLET,https://www.lazada.co.id/products/torch-reka-magic-wallet-slim-wallet-card-holder-dompet-kartu-minimalis-i7829274406.html,83300,98000, 15%,19,4.0,19
TORCH DOMPET GANTUNG LEHER KARTU HANGING WALLET CARD HOLDER AMA,https://www.lazada.co.id/products/torch-dompet-gantung-leher-kartu-hanging-wallet-card-holder-ama-i5026578403.html,100300,118000, 15%,22000,4.0,809
TORCH ALMAZAN SEJADAH TRAVELLING SAJADAH LIPAT SAKU SOUVENIR TRAVEL SAJJADA PRAYER,https://www.lazada.co.id/products/torch-almazan-sejadah-travelling-sajadah-lipat-saku-souvenir-travel-sajjada-prayer-i8293962637.html,117300,138000, 15%,0,Belum Ada Penilaian,0
TORCH YESAN TAS SELEMPANG JINJING BAJU OLAHRAGA GYM LIPAT SEPATU TAS PRIA WANITA SLING TO DUFFEL BAG DUFLE DUFFLE,https://www.lazada.co.id/products/torch-yesan-tas-selempang-jinjing-baju-olahraga-gym-lipat-sepatu-tas-pria-wanita-sling-to-duffel-bag-dufle-duffle-i8295722693.html,376640,428000, 12%,0,Belum Ada Penilaian,0
TORCH CHOHO POUCH ALAT MANDI KOSMETIK TULIS SOUVENIR ANTI AIR PACKING SYSTEM ORGANIZER TOILTERIS MAKE UP POUCH,https://www.lazada.co.id/products/torch-choho-pouch-alat-mandi-kosmetik-tulis-souvenir-anti-air-packing-system-organizer-toilteris-make-up-pouch-i6346442686.html,140250,165000, 15%,27,4.0,27
TORCH GIRING BACKPACK LAPTOP SIMPLE CASUAL TAS RANSEL KERJA KULIAH MINIMALIS,https://www.lazada.co.id/products/torch-giring-backpack-laptop-simple-casual-tas-ransel-kerja-kuliahminimalis-i8340890756.html,219300,258000,New,0,Belum Ada Penilaian,0
TORCH TAS RANSEL PUNGGUNG LAPTOP KERJA SEKOLAH TRAVELLING PRIA WANITA BACKPACK RAIN COVER GANGHWA,https://www.lazada.co.id/products/torch-tas-ransel-punggung-laptop-kerja-sekolah-travelling-pria-wanita-backpack-rain-cover-ganghwa-i6734644780.html,329310,378000, 13%,79,4.0,49
TORCH TAS RANSEL LAPTOP KERJA SEKOLAH TRAVELLING PRIA WANITA BACKPACK SEONGJU,https://www.lazada.co.id/products/torch-tas-ransel-laptop-kerja-sekolah-travelling-pria-wanita-backpack-seongju-i6734662852.html,385440,438000, 12%,13,4.0,13
TORCH DAFI UNDERWEAR PACK POUCH TRAVEL PAKAIAN BAJU MAKEUP ALAT MANDI SKINCARE BAG ORGANIZER,https://www.lazada.co.id/products/torch-dafi-underwear-pack-pouch-travel-pakaian-baju-makeup-alat-mandi-skincare-bag-organizer-i8020580977.html,100300,118000, 15%,7,5.0,3
TORCH TRAINE TAS SELEMPANG PRIA WANITA UNISEX POUCH MINI ANTI AIR SEKOLAH KULIAH KERJA,https://www.lazada.co.id/products/torch-traine-tas-selempang-pria-wanita-unisex-pouch-mini-anti-air-sekolah-kuliah-kerja-i8151554721.html,142800,168000, 15%,1,5.0,1
TORCH FERNAN MULTI POCKET TRAVEL LANGUAGE ORGANIZER BAG TAS STORAGE PACKING STATIONARY POUCH CHARGER TEMPAT CAS LAPTOP HP,https://www.lazada.co.id/products/torch-fernan-multi-pocket-travel-language-organizer-bag-tas-storage-packing-stationary-pouch-charger-tempat-cas-laptop-hp-i7508394134.html,126000,150000, 16%,4,5.0,4
TORCH SOKCHO TAS PINGGANG SELEMPANG KONSER RINGAN ANTI AIR PRIA WANITA WAIST BAG WATERPROOF,https://www.lazada.co.id/products/torch-sokcho-tas-pinggang-selempang-konser-ringan-anti-air-pria-wanita-waist-bag-waterproof-i8085126613.html,532400,605000, 12%,2,4.0,2
TORCH ALHAMBRA SEJADAH TRAVELLING SAJADAH LIPAT SAKU SOUVENIR TRAVEL SAJJADA PRAYER,https://www.lazada.co.id/products/torch-alhambra-sejadah-travelling-sajadah-lipat-saku-souvenir-travel-sajjada-prayer-i8293964540.html,117300,138000, 15%,0,Belum Ada Penilaian,0
TORCH KABERA KEY CHAIN GANTUNGAN KUNCI AESTHETIC KECIL RINGAN,https://www.lazada.co.id/products/torch-kabera-key-chain-gantungan-kunci-aesthetic-kecil-ringan-i8316140907.html,91800,108000,New,1,5.0,1
TORCH SALTA 2IN1 TOTEBAG BACKPACK LAPTOP WATER REPELLENT TAS PUNNGGUNG RINGAN SIMPEL TAHAN AIR,https://www.lazada.co.id/products/torch-salta-2in1-totebag-backpack-laptop-water-repellent-tas-punnggung-ringan-simpel-tahan-air-i7420112347.html,295800,348000, 15%,9,5.0,9
TORCH EXPANDABLE POUCH PACKING SET ORGANIZER TRAVEL POUCH CUBES STORAGE BAG LAUNDRY BAG PENYIMPANAN BAJU KOPER POUCH TOILETRIES SANBUK,https://www.lazada.co.id/products/torch-expandable-pouch-packing-set-organizer-travel-pouch-cubes-storage-bag-laundry-bag-penyimpanan-baju-koper-pouch-toiletries-sanbuk-i7970004558.html,125800,148000, 15%,12,5.0,5
TORCH SONGHWA TAS RANSEL PUNGGUNG SEKOLAH KERJA TRAVELLING LAPTOP PRIA WANITA TAHAN AIR 19 LITER DAILY BACKPACK WATER RESSISTANT RAIN COVER,https://www.lazada.co.id/products/torch-songhwa-tas-ransel-punggung-sekolah-kerja-travelling-laptop-pria-wanita-tahan-air-19-liter-daily-backpack-water-ressistant-rain-cover-i6734670429.html,332640,378000, 12%,59,5.0,37
TORCH DATM EXPANDABLE BAG ORGANIZER TRAVELLING PACKING CUBE KOPER POUCH TRAVEL TAS BAJU ANTI AIR,https://www.lazada.co.id/products/torch-datm-expandable-bag-organizer-travelling-packing-cube-koper-pouch-travel-tas-baju-anti-air-i8227068773.html,149000,298000, 50%,2,5.0,2
TORCH ARRAFA SANDAL HAJI UMRAH UMROH RINGAN KASUAL 2 IN1 SLIDE ANTI SLIP FOOTWEAR HAJI UMROH OUTDOOR SANDAL TRAVELLING,https://www.lazada.co.id/products/torch-arrafa-sandal-haji-umrah-umroh-ringan-kasual-2-in1-slide-anti-slip-footwear-haji-umroh-outdoor-sandal-travelling-i8294016160.html,306240,348000, 12%,0,Belum Ada Penilaian,0
TORCH SILLON FOLDABLE CHAIR KURSI LIPAT TRAVEL OUTDOOR CAMPING GUNUNG MANCING ALAM PIKNIK NYAMAN PRAKTIS,https://www.lazada.co.id/products/torch-sillon-foldable-chair-kursi-lipat-travel-outdoor-camping-gunung-mancing-alam-piknik-nyaman-praktis-i7922570591.html,168300,198000, 15%,2,3.0,2
TORCH JABAL SANDAL KASUAL OUTDOOR TRAVELING ANTI SLIP FOOTWEAR PRIA WANITA,https://www.lazada.co.id/products/torch-jabal-sandal-kasual-outdoor-traveling-anti-slip-footwear-pria-wanita-i8020514836.html,278800,328000, 15%,23,5.0,23
TORCH JINJU TAS MINI TOTEBAG RANSEL PUNGGUNG JINJING PRIA WANITA UNISEX TAHAN AIR 15 LITER BACKPACK WATER RESSISTANT,https://www.lazada.co.id/products/torch-jinju-tas-mini-totebag-ransel-punggung-jinjing-pria-wanita-unisex-tahan-air-15-liter-backpack-water-ressistant-i8295664540.html,185300,218000, 15%,0,Belum Ada Penilaian,0
TORCH WEDA WAISTBAG TAS SELEMPANG PRIA WANITA UNISEX GADGET MINI TAS TABLET TRAVEL WATERPROOF,https://www.lazada.co.id/products/torch-weda-waistbag-tas-selempang-pria-wanita-unisex-gadget-mini-tas-tablet-travel-waterproof-i8295466807.html,183120,218000, 16%,0,Belum Ada Penilaian,0
TORCH IMSIL SARUNG LAPTOP JINJING ANTI AIR MACBOOK SLEEVE 13 14 INCH,https://www.lazada.co.id/products/torch-imsil-sarung-laptop-jinjing-anti-air-macbook-sleeve-13-14-inch-i6166278362.html,176800,208000, 15%,10,4.0,10
TORCH BEKETOV GANTUNGAN KUNCI DOMPET SOUVENIR KEY CHAIN,https://www.lazada.co.id/products/torch-beketov-gantungan-kunci-dompet-souvenir-key-chain-i6822148732.html,65802,78000, 16%,399,4.0,138
TORCH HOLDER PENCIL CASE POUCH STATIONERY PACK MUSU,https://www.lazada.co.id/products/torch-musu-pouch-alat-tulis-perlengkapan-sekolah-kosmetik-tempat-pensil-souvenir-anti-air-packing-organizer-pouch-stationery-pack-i6720228873.html,66300,78000, 15%,92,5.0,92
TORCH ALHAMBRA SEJADAH TRAVELLING SAJADAH LIPAT SAKU PRAKTIS SOUVENIR TRAVEL SAJJADA PRAYER,https://www.lazada.co.id/products/torch-alhambra-sejadah-travelling-sajadah-lipat-saku-praktis-souvenir-travel-sajjada-prayer-i8295478826.html,117300,138000, 15%,0,Belum Ada Penilaian,0
TORCH GANI DOMPET POLOS LIPAT PANJANG PENDEK PRIA WANITA KARTU TEMPAT UANG TAHAN AIR RINGAN WALLET WATERPROOF,https://www.lazada.co.id/products/torch-gani-dompet-polos-lipat-panjang-pendek-pria-wanita-kartu-tempat-uang-tahan-air-ringan-wallet-waterproof-i7963560969.html,90882,108000, 16%,5,5.0,3
TORCH KAMITA BACKPACK DAYPACK TAS RANSEL LAPTOP SEKOLAH KULIAH KERJA,https://www.lazada.co.id/products/torch-kamita-backpack-daypack-tas-ransel-laptop-sekolah-kuliah-kerja-i7967780218.html,236300,278000, 15%,0,Belum Ada Penilaian,0
TORCH HWADO TAS RANSEL PUNGGUNG SEKOLAH KERJA TRAVELLING LAPTOP PRIA WANITA TAHAN AIR 17 LITER DAILY BACKPACK WATER RESSISTANT,https://www.lazada.co.id/products/torch-hwado-tas-ransel-punggung-sekolah-kerja-travelling-laptop-pria-wanita-tahan-air-17-liter-daily-backpack-water-ressistant-i6720222237.html,303170,348000, 13%,291,5.0,161
TORCH OCHI TAS PINGGANG SELEMPANG KONSER RINGAN ANTI AIR PRIA WANITA WAIST BAG WATERPROOF,https://www.lazada.co.id/products/torch-ochi-tas-pinggang-selempang-konser-ringan-anti-air-pria-wanita-waist-bag-waterproof-i6719874686.html,175100,206000, 15%,197,4.0,197
TORCH TAS RANSEL PUNGGUNG LAPTOP KERJA SEKOLAH TRAVELLING PRIA WANITA MINI TOTE BAG BACKPACK JINJU,https://www.lazada.co.id/products/torch-tas-ransel-punggung-laptop-kerja-sekolah-travelling-pria-wanita-mini-tote-bag-backpack-jinju-i6061912716.html,185300,218000, 15%,70,5.0,70
TORCH HARMA SHOULDER PADS BANTALAN BAHU BUSA TAMBAHAN EMPUK NYAMAN AKSESORIS TAS,https://www.lazada.co.id/products/torch-harma-shoulder-pads-bantalan-bahu-busa-tambahan-empuk-nyaman-aksesoris-tas-i8227102895.html,83300,98000, 15%,4,5.0,4
TORCH TAS JINJING BAJU OLAHRAGA GYM LIPAT DUFFLE BAG TRAVEL YESAN,https://www.lazada.co.id/products/torch-tas-jinjing-baju-olahraga-gym-lipat-duffle-bag-travel-yesan-i6826000853.html,376640,428000, 12%,12,5.0,12
TORCH SLING BAG BACKPACK TAS RANSEL LAPTOP KERJA SEKOLAH TRAVELLING CHEONAN,https://www.lazada.co.id/products/torch-sling-bag-backpack-tas-ransel-laptop-kerja-sekolah-travelling-cheonan-i6062336307.html,193800,228000, 15%,73,5.0,38
TORCH TAS SELEMPANG SLING BAG YEOJU 5 LITER,https://www.lazada.co.id/products/torch-tas-selempang-sling-bag-yeoju-5-liter-i5187216180.html,168300,198000, 15%,173,4.0,89
TORCH SHIBATA 2 LITER TAS SELEMPANG BAHU PRIA WANITA UNISEX RINGAN ANTI AIR SLING BAG TRAVEL POUCH WATERPROOF,https://www.lazada.co.id/products/torch-shibata-2-liter-tas-selempang-bahu-pria-wanita-unisex-ringan-anti-air-sling-bag-travel-pouch-waterproof-i5888338054.html,134300,158000, 15%,21000,4.0,915
TORCH ANORA DAYPACK BACKPACK PRIA WANITA WATERPROOF TAS LAPTOP 14 INCH,https://www.lazada.co.id/products/torch-anora-daypack-backpack-pria-wanita-waterproof-tas-laptop-14-inch-i8316328156.html,508640,578000,New,1,5.0,1
TORCH RANGGI WATERPROOF WOMEN MEN SHOULDER SLING BAG SHOULDER BAG,https://www.lazada.co.id/products/torch-ranggi-tas-selempang-sling-bag-shoulder-pria-wanita-waterproof-i7934782771.html,142800,168000, 15%,15,5.0,12
TORCH WONJIN TAS PINGGANG SELEMPANG KONSER RINGAN ANTI AIR PRIA WANITA WAIST BAG WATERPROOF DARKLUCENT,https://www.lazada.co.id/products/torch-wonjin-tas-pinggang-selempang-konser-ringan-anti-air-pria-wanita-waist-bag-waterproof-darklucent-i6700304989.html,151300,178000, 15%,61,4.0,61
MARVEL ARTWORKS TORCH GORRA SNAPBACK SKATERS CAP HIP HOP HATS,https://www.lazada.co.id/products/marvel-artworks-torch-gorra-topi-snapback-skaters-topi-hip-hop-i7582100579.html,168300,198000, 15%,0,Belum Ada Penilaian,0
TORCH JITU CLUTCH HANDBAG TOILETRIES JINJING TAS PERLENGKAPAN MANDI KOSMETIK ANTI AIR,https://www.lazada.co.id/products/torch-jitu-clutch-handbag-toiletries-jinjing-tas-perlengkapan-mandi-kosmetik-anti-air-i8083336971.html,168300,198000, 15%,0,Belum Ada Penilaian,0
TORCH SAYUNG SLING BAG IPAD TABLET 11 INCH ORGANIZED SLING BAG,https://www.lazada.co.id/products/torch-sayung-tas-selempang-ipad-tablet-11-inch-organized-sling-bag-i7873632017.html,202300,238000, 15%,13,4.0,13
TORCH AZTRO DAYPACK BACKPACK SCHOOL,https://www.lazada.co.id/products/torch-aztro-daypack-backpack-school-i8150400680.html,279840,318000, 12%,0,Belum Ada Penilaian,0
TORCH PACKING SET TRAVEL ORGANIZER STORAGE BAG LUGGAGE BAG TAS DALAM KOPER TRAVEL LUGGAGE ORGANIZER PACKING CUBES SET STORAGE LAUNDRY BAG TAS PENYIMPANAN BAJU KOPER TEMPAT SEPATU YEOCHA,https://www.lazada.co.id/products/torch-packing-set-travel-organizer-storage-bag-luggage-bag-tas-dalam-koper-travel-luggage-organizer-packing-cubes-set-storage-laundry-bag-tas-penyimpanan-baju-koper-tempat-sepatu-yeocha-i7968544528.html,135150,159000, 15%,1,5.0,1
TORCH ERSALONA TAS RANSEL LIPAT PUNGGUNG SEKOLAH ANTI AIR PRIA WANITA UNISEX 19 LITER FOLDABLE BACKPACK WATER REPELLANT,https://www.lazada.co.id/products/torch-ersalona-tas-ransel-lipat-punggung-sekolah-anti-air-pria-wanita-unisex-19-liter-foldable-backpack-water-repellant-i8295462907.html,279840,318000, 12%,0,Belum Ada Penilaian,0
TORCH NAMCHON 4 LITER TAS SELEMPANG BAHU IPAD MINI PRIA WANITA UNISEX RINGAN ANTI AIR SLING BAG TRAVEL POUCH WATERPROOF,https://www.lazada.co.id/products/torch-namchon-4-liter-tas-selempang-bahu-ipad-mini-pria-wanita-unisex-ringan-anti-air-sling-bag-travel-pouch-waterproof-i6443622998.html,168300,198000, 15%,295,4.0,141
"TORCH ARMORE 2 IN 1 WAIST & CROSSBODY BAG WATER RESISTANT, SUITABLE FOR MEN WOMEN S GAMING, HAJJ UMRAH AND TRAVELING",https://www.lazada.co.id/products/torch-armore-tas-pinggang-selempang-2-in-1-anti-air-cocok-untuk-gaming-haji-umrah-dan-traveling-pria-wanita-i8293626147.html,193800,228000, 15%,0,Belum Ada Penilaian,0
TORCH NIKOI PREMIUM HAT ALTERNATING BUCKET HAT 2 STYLE REVERSE SWAP,https://www.lazada.co.id/products/torch-nikoi-topi-rimba-bolak-balik-bucket-hat-2-style-reverse-swap-i7930718872.html,99000,198000, 50%,5,5.0,5
TORCH ARMORE 2 IN 1 SLING BAG SHOULDER WAIST BAG HAJJ UMRAH UMRAH GAMERS GAMING IPAD MINI MEN WOMEN UNISEX LIGHTWEIGHT WATERPROOF MULTIWAY SLING BAG WAIST BAG TRAVEL POUCH WATERPROOF,https://www.lazada.co.id/products/torch-armore-2-in-1-tas-selempang-bahu-tas-pinggang-haji-umrah-umroh-gamers-gaming-ipad-mini-pria-wanita-unisex-ringan-anti-air-multiway-sling-bag-waist-bag-travel-pouch-waterproof-i7366292564.html,193800,228000, 15%,70,4.0,70
TORCH TAS PINGGANG ANTI AIR PRIA WANITA WAISTBAG CROSS BODY BAG WATERPROOF DARKLUCENT DAMYANG,https://www.lazada.co.id/products/torch-tas-pinggang-anti-air-pria-wanita-waistbag-cross-body-bag-waterproof-darklucent-damyang-i6396604662.html,188000,188000,Tidak Ada Diskon,31,5.0,31
TORCH YESAN TAS SELEMPANG JINJING BAJU OLAHRAGA GYM LIPAT SEPATU TAS SLING TO DUFFEL BAG DUFLE DUFFLE,https://www.lazada.co.id/products/torch-yesan-tas-selempang-jinjing-baju-olahraga-gym-lipat-sepatu-tas-sling-to-duffel-bag-dufle-duffle-i8294198068.html,376640,428000, 12%,0,Belum Ada Penilaian,0
TORCH SERIES WAIST BAG SPORT RUNNING JOGGING BIKE RUNNING BELT WATERPROOF,https://www.lazada.co.id/products/torch-series-tas-pinggang-olahraga-lari-jogging-sepeda-running-belt-waterproof-tahan-air-i7690542663.html,142800,168000, 15%,0,Belum Ada Penilaian,0
TORCH HWADO TAS RANSEL TAHAN AIR 17 LITER SEKOLAH KERJA TRAVELLING PRIA WANITA,https://www.lazada.co.id/products/torch-hwado-tas-ransel-tahan-air-17-liter-sekolah-kerja-travelling-pria-wanita-i8294684464.html,306240,348000, 12%,0,Belum Ada Penilaian,0
TORCH NAMHAE TAS SELEMPANG BAHU PRIA WANITA UNISEX RINGAN ANTI AIR SLING BAG TRAVEL POUCH WATERPROOF,https://www.lazada.co.id/products/torch-namhae-tas-selempang-bahu-pria-wanita-unisex-ringan-anti-air-sling-bag-travel-pouch-waterproof-i6745440667.html,137460,158000, 13%,258,5.0,109
TORCH ZAYDAN TWO TONE OVERSHIRT TASLAN DENIM OUTWEAR PRIA WANITA,https://www.lazada.co.id/products/torch-zaydan-two-tone-overshirt-taslan-denim-outwear-pria-wanita-i8034112730.html,221859,498000, 55%,14,5.0,10
TORCH OSEANO DAYPACK BACKPACK SCHOOL,https://www.lazada.co.id/products/torch-oseano-daypack-backpack-school-i8150742461.html,323840,368000, 12%,1,5.0,1
TORCH SLING BAG TAS SELEMPANG SHIBATA,https://www.lazada.co.id/products/torch-sling-bag-tas-selempang-shibata-i7044062226.html,134300,158000, 15%,328,4.0,170
TORCH GAESA 3 IN 1 HANGING WALLET NECK WALLET SLING BAG DOMPET GANTUNG LEHER HP TAS SELEMPANG TAS KONSER MULTIFUNGSI,https://www.lazada.co.id/products/torch-gaesa-3-in-1-hanging-wallet-neck-wallet-sling-bag-dompet-gantung-leher-hp-tas-selempang-tas-konser-multifungsi-i6452158534.html,185300,218000, 15%,236,4.0,124
TORCH LAPTOP BAG 16 INCH LAPTOP SLING BAG MESSENGER BAG SENJANG,https://www.lazada.co.id/products/torch-senjang-tas-selempang-sling-messenger-bag-laptop-waterproof-i7874644585.html,253300,298000, 15%,3,5.0,3
TORCH YEONGDO TAS PINGGANG SELEMPANG RINGAN ANTI AIR PRIA WANITA UNISEX WAIST BAG WATERPROOF,https://www.lazada.co.id/products/torch-yeongdo-tas-pinggang-selempang-ringan-anti-air-pria-wanita-unisex-waist-bag-waterproof-i8295506080.html,142800,168000, 15%,0,Belum Ada Penilaian,0
TORCH ERLEN TUMBLER 500ML MINIMALIS BOTOL MINUM RINGAN TAHAN LAMA,https://www.lazada.co.id/products/torch-erlen-tumbler-500ml-minimalis-botol-minum-ringan-tahan-lama-i8322014106.html,57800,68000, 15%,8,5.0,4
TORCH KUNPO SLING BAG SIMPEL ELEGAN PRIA WANITA RINGAN TAS SELEMPANG OLAHRAGA LARI JOGGING RUNNING,https://www.lazada.co.id/products/torch-kunpo-sling-bag-simpel-elegan-pria-wanita-ringan-tas-selempang-olahraga-lari-jogging-running-i8316248492.html,185300,218000,New,1,5.0,1
TORCH KUTAM MINI BACKPACK 10L TAS KECIL SIMPEL RINGAN PRIA WANITA,https://www.lazada.co.id/products/torch-kutam-mini-backpack-10l-tas-kecil-simpel-ringan-pria-wanita-i8316362464.html,244800,288000,New,0,Belum Ada Penilaian,0
TORCH ERSALONA TAS RANSEL LIPAT PUNGGUNG SEKOLAH PRIA WANITA ANTI AIR 19 LITER FOLDABLE BACKPACK WATER REPELLANT,https://www.lazada.co.id/products/torch-ersalona-tas-ransel-lipat-punggung-sekolah-pria-wanita-anti-air-19-liter-foldable-backpack-water-repellant-i7417620372.html,279840,318000, 12%,8,5.0,8
TORCH KASHBA 3 LITER MEN WOMEN UNISEX LIGHTWEIGHT WATERPROOF SHOULDER SLING BAG SLING BAG TRAVEL POUCH WATERPROOF,https://www.lazada.co.id/products/torch-kashiba-3-liter-tas-selempang-bahu-pria-wanita-unisex-ringan-anti-air-sling-bag-travel-pouch-waterproof-i8294752356.html,166320,198000, 16%,6,5.0,2
TORCH ANIMO TAS SELEMPANG MESSENGER BAG IPAD KANTOR SLING BAG WATERPROOF ANTI AIR,https://www.lazada.co.id/products/torch-animo-tas-selempang-messenger-bag-ipad-kantor-sling-bag-waterproof-anti-air-i7835672833.html,253300,298000, 15%,10,5.0,10
TORCH NASAN TAS SELEMPANG LAPTOP KERJA SEKOLAH PRIA WANITA UNISEX RINGAN ANTI AIR MESSENGER BAG SLINGBAG TRAVEL POUCH WATERPROOF,https://www.lazada.co.id/products/torch-nasan-tas-selempang-laptop-kerja-sekolah-pria-wanita-unisex-ringan-anti-air-messenger-bag-slingbag-travel-pouch-waterproof-i8295668799.html,219300,258000, 15%,0,Belum Ada Penilaian,0
TORCH NASAN TAS SELEMPANG LAPTOP SEKOLAH KERJA PRIA WANITA UNISEX RINGAN ANTI AIR MESSENGER BAG SLINGBAG TRAVEL POUCH WATERPROOF,https://www.lazada.co.id/products/torch-nasan-tas-selempang-laptop-sekolah-kerja-pria-wanita-unisex-ringan-anti-air-messenger-bag-slingbag-travel-pouch-waterproof-i8295692660.html,219300,258000, 15%,0,Belum Ada Penilaian,0
TORCH SONGLI TAS PINGGANG SELEMPANG KONSER ANTI AIR RINGAN PRIA WANITA UNISEX WAIST BAG WATERPROOF DARKLUCENT,https://www.lazada.co.id/products/torch-songli-tas-pinggang-selempang-konser-anti-air-ringan-pria-wanita-unisex-waist-bag-waterproof-darklucent-i8294976407.html,151300,178000, 15%,0,Belum Ada Penilaian,0
TORCH FUJISAWA TAS RANSEL TRAVELLING MUDIK PUNGGUNG KERJA TRAVEL LAPTOP 15INCH PRIA WANITA UNISEX TAHAN AIR MUAT BANYAK 45+3 LITER TRAVEL BACKPACK ROLL TOP WATER RESSISTANT RAIN COVER,https://www.lazada.co.id/products/torch-fujisawa-tas-ransel-travelling-mudik-punggung-kerja-travel-laptop-15inch-pria-wanita-unisex-tahan-air-muat-banyak-453-liter-travel-backpack-roll-top-water-ressistant-rain-cover-i8294118074.html,1187120,1349000, 12%,0,Belum Ada Penilaian,0
TORCH KOMPE EXPANDABLE DUFFLE BAG TAS TRAVEL MUAT BANYAK,https://www.lazada.co.id/products/torch-kompe-expandable-duffle-bag-tas-travel-muat-banyak-i8316698478.html,482240,548000,New,0,Belum Ada Penilaian,0
TORCH HYOCHANG RUNNING BELT,https://www.lazada.co.id/products/torch-hyochang-running-belt-i6219296933.html,83300,98000, 15%,159,4.0,73
TORCH PRANA BACKPACK CASUAL CLASSIC SIMPLE MINIMALIST ORGANIZED BACKPACK,https://www.lazada.co.id/products/torch-prana-backpack-ransel-casual-klasik-simpel-minimalis-organized-i7873570452.html,288640,328000, 12%,9,4.0,9
TORCH DEDO BEET RED SARUNG TANGAN HALF GLOVES,https://www.lazada.co.id/products/torch-dedo-beet-red-sarung-tangan-half-gloves-i7396896871.html,66300,78000, 15%,62,5.0,41
TORCH CABLE VELCRO ORGANIZER PACKS KABEL,https://www.lazada.co.id/products/torch-cable-velcro-organizer-packs-kabel-i7704272756.html,40800,48000, 15%,0,Belum Ada Penilaian,0
TORCH JEOMCHON 2IN 1 TAS DADA SEPEDA MOTOR SELEMPANG BAHU PRIA WANITA RINGAN ANTI AIR CHEST BAG SLINGBAG,https://www.lazada.co.id/products/torch-jeomchon-2in-1-tas-dada-sepeda-motor-selempang-bahu-pria-wanita-ringan-anti-air-chest-bag-slingbag-i8295604773.html,210800,248000, 15%,0,Belum Ada Penilaian,0
TORCH ANTRO TAS POUCH HP TRANSPARAN SLING BAG MINI ANTI AIR STATIONERY PRIA WANITA UNISEX,https://www.lazada.co.id/products/torch-antro-tas-pouch-hp-transparan-sling-bag-mini-anti-air-stationery-pria-wanita-unisex-i8150406422.html,117300,138000, 15%,0,Belum Ada Penilaian,0
TORCH AMA DOMPET GANTUNG DOMPET LEHER KOIN DOMPET KONSER HANGING WALLET NECK WALLET,https://www.lazada.co.id/products/torch-ama-dompet-gantung-dompet-leher-koin-dompet-konser-hanging-wallet-neck-wallet-i8293942701.html,99120,118000, 16%,0,Belum Ada Penilaian,0
TORCH SNELL KEY CHAIN WALLET HOLDER,https://www.lazada.co.id/products/torch-snell-gantungan-kunci-dompet-souvenir-key-chain-i4742096938.html,66300,78000, 15%,41,4.0,13
TORCH FUJISAWA TAS RANSEL TRAVELLING MUDIK PUNGGUNG KERJA TRAVEL LAPTOP 15INCH PRIA WANITA TAHAN AIR MUAT BANYAK 45+3 LITER TRAVEL BACKPACK ROLL TOP WATER RESSISTANT RAIN COVER,https://www.lazada.co.id/products/torch-fujisawa-tas-ransel-travelling-mudik-punggung-kerja-travel-laptop-15inch-pria-wanita-tahan-air-muat-banyak-453-liter-travel-backpack-roll-top-water-ressistant-rain-cover-i8295462987.html,1187120,1349000, 12%,0,Belum Ada Penilaian,0
TORCH MUKENA TRAVEL PREMIUM MUKENA DEWASA POLOS SAIRA,https://www.lazada.co.id/products/torch-mukena-travel-premium-mukena-dewasa-polos-saira-i8009266669.html,143100,318000, 55%,3,5.0,3
TORCH DOMPET GANTUNG HANGING WALLET OSAN,https://www.lazada.co.id/products/torch-dompet-gantung-hanging-wallet-osan-i5867624500.html,134300,158000, 15%,90,4.0,40
TORCH PAKET PERLENGKAPAN HAJI UMROH SANDAL HAJI ARRAFA JABBAL + TAS SELEMPANG TRAVEL,https://www.lazada.co.id/products/torch-paket-perlengkapan-haji-umroh-sandal-haji-arrafajabbal-tas-selempang-travel-i8092732611.html,413100,486000, 15%,1,5.0,1
TORCH SEONGNAM 2 LITER TAS SELEMPANG BAHU PRIA WANITA UNISEX ANTI AIR RINGAN SLING BAG TRAVEL POUCH WATERPROOF,https://www.lazada.co.id/products/torch-seongnam-2-liter-tas-selempang-bahu-pria-wanita-unisex-anti-air-ringan-sling-bag-travel-pouch-waterproof-i8295006038.html,142800,168000, 15%,0,Belum Ada Penilaian,0
TORCH DINAM TRAVEL BAG TAS KERJA TRAVELING BACKPACK LAPTOP RANSEL PRIA WANITA WATER RESISTANT,https://www.lazada.co.id/products/torch-dinam-travel-bag-tas-kerja-traveling-backpack-laptop-ransel-pria-wanita-water-resistant-i8224870623.html,1159840,1318000, 12%,0,Belum Ada Penilaian,0
TORCH FITZ WAIST BAG RUNNING TAS PINGGANG OLAHRAGA JOGGING PRIA WANITA,https://www.lazada.co.id/products/torch-fitz-waist-bag-running-tas-pinggang-olahraga-jogging-pria-wanita-i8316334545.html,168300,198000,New,0,Belum Ada Penilaian,0
TORCH KENNER TOTE BACKPACK TAS 2 IN 1 PRIA WANITA RINGAN KUAT,https://www.lazada.co.id/products/torch-kenner-tote-backpack-tas-2-in-1-pria-wanita-ringan-kuat-i8316386287.html,438240,498000,New,0,Belum Ada Penilaian,0
TORCH ARRAFA SANDAL HAJI UMRAH UMROH RINGAN KASUAL 2IN1 SLIDE ANTI SLIP FOOTWEAR HAJI UMROH OUTDOOR SANDAL TRAVELLING,https://www.lazada.co.id/products/torch-arrafa-sandal-haji-umrah-umroh-ringan-kasual-2in1-slide-anti-slip-footwear-haji-umroh-outdoor-sandal-travelling-i7968668945.html,306240,348000, 12%,0,Belum Ada Penilaian,0
TORCH TEPAS BACKPACK RANSEL SIMPLE TAS LAPTOP KERJA KULIAH SEKOLAH PRIA WANITA,https://www.lazada.co.id/products/torch-tepas-backpack-ransel-simple-tas-laptop-kerja-kuliah-sekolahpriawanita-i8341306017.html,219300,258000,New,0,Belum Ada Penilaian,0
TORCH LAUDIO TAS RANSEL PUNGGUNG SEKOLAH KERJA TRAVELLING LAPTOP PRIA WANITA UNISEX TAHAN AIR 17 LITER DAILY BACKPACK WATER RESSISTANT,https://www.lazada.co.id/products/torch-laudio-tas-ransel-punggung-sekolah-kerja-travelling-laptop-pria-wanita-unisex-tahan-air-17-liter-daily-backpack-water-ressistant-i8295692506.html,253300,298000, 15%,0,Belum Ada Penilaian,0
TORCH YEOSU TAS SLING BAG 5 LITER,https://www.lazada.co.id/products/torch-yeosu-tas-sling-bag-5-liter-i5187116609.html,168300,198000, 15%,112,5.0,112
TORCH BUNDLING SPECIAL BACK TO SCHOOL TAS SEKOLAH TRAVELING LAPTOP BACKPACK WONJU + AMA NECK WALLET,https://www.lazada.co.id/products/torch-bundling-special-back-to-school-tas-sekolah-traveling-laptop-backpack-wonju-ama-neck-wallet-i7536956784.html,378480,456000, 17%,2,5.0,2
TORCH KIPA WATERPROOF MEN WOMEN SHOULDER SLING BAG SLING POUCH BAG,https://www.lazada.co.id/products/torch-kipa-tas-selempang-bahu-pria-wanita-sling-pouch-bag-anti-air-i7873428575.html,185300,218000, 15%,9,4.0,9
TORCH BUNDLING SPECIAL BACK TO SCHOOL TAS SEKOLAH TRAVELING LAPTOP BACKPACK SINPO + NECK WALLET AMA 2IN1,https://www.lazada.co.id/products/torch-bundling-special-back-to-school-tas-sekolah-traveling-laptop-backpack-sinpo-neck-wallet-ama-2in1-i7529670870.html,454080,516000, 12%,1,5.0,1
TORCH SALAM HAMPERS LEBARAN IDUL FITRI PAKET RAMADHAN SAJADAH + TAS SELEMPANG,https://www.lazada.co.id/products/torch-salam-hampers-lebaran-idul-fitri-paket-ramadhan-sajadah-tas-selempang-i8008322171.html,614240,698000, 12%,0,Belum Ada Penilaian,0
TORCH NAJID T SHIRT OVERSHIRT KEMEJA CRINKLE TASLAN OUTWEAR UNISEX,https://www.lazada.co.id/products/torch-najid-t-shirt-overshirt-kemeja-crinkle-taslan-outwear-unisex-i8034984941.html,200470,450000, 55%,8,5.0,8
TORCH CHOHO POUCH ALAT TULIS PERLENGKAPAN SEKOLAH KOSMETIK TEMPAT PENSIL SOUVENIR ANTI AIR PACKING ORGANIZER POUCH STATIONERY PACK,https://www.lazada.co.id/products/torch-choho-pouch-alat-tulis-perlengkapan-sekolah-kosmetik-tempat-pensil-souvenir-anti-air-packing-organizer-pouch-stationery-pack-i6344178958.html,126650,149000, 15%,85,5.0,32
TORCH SEONGNAM 2 LITER TAS SELEMPANG BAHU PRIA WANITA UNISEX RINGAN ANTI AIR SLING BAG TRAVEL POUCH WATERPROOF,https://www.lazada.co.id/products/torch-seongnam-2-liter-tas-selempang-bahu-pria-wanita-unisex-ringan-anti-air-sling-bag-travel-pouch-waterproof-i8293974118.html,142800,168000, 15%,0,Belum Ada Penilaian,0
TORCH KUPPA SHOULDER PAD BUSA TEBAL BANTALAN AKSESORIS TAMBAHAN,https://www.lazada.co.id/products/torch-kuppa-shoulder-pad-busa-tebal-bantalan-aksesoris-tambahan-i8316118910.html,66300,78000,New,1,5.0,1
TORCH REXA TOTE BAG BESAR RINGAN KUAT PRIA WANITA,https://www.lazada.co.id/products/torch-rexa-tote-bag-besar-ringan-kuat-pria-wanita-i8316256686.html,367840,418000,New,0,Belum Ada Penilaian,0
TORCH KREDO BACKPACK LAPTOP 15 INCH COLLEGE WORK SIMPLE MINIMALISM,https://www.lazada.co.id/products/torch-kredo-backpack-laptop-15-inch-kuliah-kerja-simpel-minimalis-i7874700070.html,306240,348000, 12%,9,4.0,9
TORCH LEVITY MINI BACKPACK 10L TAS KECIL SIMPEL RINGAN PRIA WANITA,https://www.lazada.co.id/products/torch-levity-mini-backpack-10l-tas-kecil-simpel-ringan-pria-wanita-i8316826184.html,227800,268000,New,0,Belum Ada Penilaian,0
TORCH SINPO TAS RANSEL PUNGGUNG SEKOLAH KERJA TRAVELLING LAPTOP PRIA WANITA TAHAN AIR 19 LITER DAILY BACKPACK WATER RESSISTANT RAIN COVER,https://www.lazada.co.id/products/torch-sinpo-tas-ransel-punggung-sekolah-kerja-travelling-laptop-pria-wanita-tahan-air-19-liter-daily-backpack-water-ressistant-rain-cover-i8293990121.html,350240,398000, 12%,0,Belum Ada Penilaian,0
TORCH PADAR 2 IN 1 TOTE BAG BACKPACK TAS RANSEL LAPTOP UP TO 15 INCH,https://www.lazada.co.id/products/torch-padar-2-in-1-tote-bag-backpack-tas-ransel-laptop-up-to-15-inch-i7986722712.html,403040,458000, 12%,0,Belum Ada Penilaian,0
TORCH BALLENO TEMPAT PENSIL POUCH STATIONERY PACK PACKING ORGANIZER,https://www.lazada.co.id/products/torch-balleno-tempat-pensil-pouch-stationery-pack-packing-organizer-i8084904059.html,178500,210000, 15%,0,Belum Ada Penilaian,0
TORCH SINPO TAS RANSEL PUNGGUNG SEKOLAH KERJA TRAVELLING LAPTOP PRIA WANITA UNISEX TAHAN AIR 19 LITER DAILY BACKPACK WATER RESSISTANT RAIN COVER,https://www.lazada.co.id/products/torch-sinpo-tas-ransel-punggung-sekolah-kerja-travelling-laptop-pria-wanita-unisex-tahan-air-19-liter-daily-backpack-water-ressistant-rain-cover-i8295478395.html,350240,398000, 12%,0,Belum Ada Penilaian,0
TORCH BUNDLING 9.9 ALMAGRO TAS TOTEBAG BACKPACK SCHOOL WORK LAPTOP TOTE MEN WOMEN WATERPROOF 19 LITER BACKPACK WATER RESITANT + TORCH GABARDINA RAIN COAT PONCHO RAINCOAT PONCHO,https://www.lazada.co.id/products/torch-bundling-99-almagro-tas-totebag-ransel-punggung-sekolah-kerja-jinjing-laptop-pria-wanita-tahan-air-19-liter-backpack-water-ressistant-torch-gabardina-rain-coat-ponco-jas-hujan-ponco-i7706854197.html,523600,616000, 15%,0,Belum Ada Penilaian,0
TORCH RAHAN BUTTON OVERSHIRT,https://www.lazada.co.id/products/torch-rahan-button-overshirt-i8035036599.html,350240,398000, 12%,6,4.0,6
TORCH GATHA OFFICE ORGANIZER TAS IPAD STAND TABLET CASE WATER REPELLENT,https://www.lazada.co.id/products/torch-gatha-office-organizer-tas-ipad-stand-tablet-case-water-repellent-i8076924993.html,166320,198000, 16%,0,5.0,0
TORCH TAS PINGGANG SELEMPANG ANTI AIR RINGAN WAIST SLING BAG NANJEON,https://www.lazada.co.id/products/torch-tas-pinggang-selempang-anti-air-ringan-waist-sling-bag-nanjeon-i6800740468.html,142800,168000, 15%,33,4.0,33
TORCH REPOR TAS SELEMPANG WANITA PRIA UNISEX SLING BAG MINIMALIS ANTI AIR SEKOLAH KULIAH KANTOR,https://www.lazada.co.id/products/torch-repor-tas-selempang-wanita-pria-unisex-sling-bag-minimalis-anti-air-sekolah-kuliah-kantor-i8151600074.html,159800,188000, 15%,0,Belum Ada Penilaian,0
TORCH GETAFE 2IN1 SLING TO DUFFEL BAG SLING BAG POUCH DUFFEL BAG SPORT GYM HANDBAG DUFFLE TRAVELLING BAG,https://www.lazada.co.id/products/torch-getafe-2in1-sling-to-duffel-bag-tas-selempang-pouch-sling-bag-tas-jinjing-berpergian-duffel-olahraga-gym-pria-wanita-unisex-tas-duffle-travelling-i8295580749.html,423300,498000, 15%,0,Belum Ada Penilaian,0
TORCH SAGALAYA 2 IN 1 TOTEBAG SELEMPANG TAS BELANJA BESAR MULTIFUNGSI EXPANDABLE BAG,https://www.lazada.co.id/products/torch-sagalaya-2-in-1-totebag-selempang-tas-belanja-besar-multifungsi-expandable-bag-i8001690168.html,227800,268000, 15%,1,5.0,1
TORCH JILIN TAS LAPTOP JINJING KERJA KULIAH SEKOLAH SARUNG LEPTOP LAPTOP SLEVEE POUCH,https://www.lazada.co.id/products/torch-jilin-tas-laptop-jinjing-kerja-kuliah-sekolah-sarung-leptop-laptop-slevee-pouch-i5869686017.html,202300,238000, 15%,9,4.0,9
TORCH RAIZ DENIM OVERSHIRT JAKET OUTER OUTWEAR PRIA WANITA MUDIK LEBARAN,https://www.lazada.co.id/products/torch-raiz-denim-overshirt-jaket-outer-outwear-pria-wanita-mudik-lebaran-i8026638196.html,197100,438000, 55%,7,4.0,7
TORCH GANGHWA TAS RANSEL PUNGGUNG SEKOLAH KERJA TRAVELLING LAPTOP PRIA WANITA TAHAN AIR 19 LITER DAILY BACKPACK WATER RESSISTANT RAIN COVER,https://www.lazada.co.id/products/torch-ganghwa-tas-ransel-punggung-sekolah-kerja-travelling-laptop-pria-wanita-tahan-air-19-liter-daily-backpack-water-ressistant-rain-cover-i8294084708.html,332640,378000, 12%,0,Belum Ada Penilaian,0
TORCH BUNDLING SPESIAL RAMADHAN HAMURA TAS PINGGANG ANTI AIR,https://www.lazada.co.id/products/torch-bundling-spesial-ramadhan-hamura-tas-pinggang-anti-air-i8006030370.html,251600,296000, 15%,0,Belum Ada Penilaian,0
TORCH STEPPER 2 IN 1 TOTEBAG BACKPACK MINI TAS OLAHRAGA DAILYPACK KANTOR KERJA,https://www.lazada.co.id/products/torch-stepper-2-in-1-totebag-backpack-mini-tas-olahraga-dailypack-kantor-kerja-i8316148999.html,367840,418000, 12%,0,Belum Ada Penilaian,0
TORCH BUNDLING SPESIAL RAMADHAN ARMORE 2 IN 1 TAS SELEMPANG BAHU HAJI UMRAH,https://www.lazada.co.id/products/torch-bundling-spesial-ramadhan-armore-2-in-1-tas-selempang-bahu-haji-umrah-i8004374676.html,311100,366000, 15%,0,Belum Ada Penilaian,0
TORCH GALICIA 3IN1 SLINGBAG CLUTCH MULTIFUNCTIONAL SHOPPING SLING BAG SPORTS GYM SLING BAG,https://www.lazada.co.id/products/torch-galicia-3in1-slingbag-clutch-backpack-tas-selempang-multifungsi-belanja-string-bag-olahraga-gym-i7506340261.html,199920,238000, 16%,22,5.0,22
TORCH RANGKU SLING BAG DAILY OLAHPINGGANG OLAHRAGA JOGGING PRIA WANITA KERJA,https://www.lazada.co.id/products/torch-rangku-sling-bag-daily-olahpinggang-olahraga-jogging-pria-wanita-kerja-i8316388021.html,210800,248000,New,1,5.0,1
TORCH WEDA WAISTBAG TAS SELEMPANG PRIA WANITA GADGET MINI TAS TABLET TRAVEL WATERPROOF,https://www.lazada.co.id/products/torch-weda-waistbag-tas-selempang-pria-wanita-gadget-mini-tas-tablet-travel-waterproof-i8293986226.html,185300,218000, 15%,0,Belum Ada Penilaian,0
